"id","obs_time","status"
1,9.45,1
2,27.2641898148121,0
3,23.1,1
4,3.78,1
5,2.282,1
6,6.88187499999724,0
7,15.218,1
8,6.314,1
9,20.09,1
10,12.978,1
11,16.744,1
12,20.846,1
13,6.566,1
14,11.886,1
15,20.328,1
16,9.828,1
17,14.616,1
18,3.458,1
19,1.288,1
20,27.2602662037009,0
21,1.876,1
22,2.912,1
23,0.364,1
24,10.29,1
25,16.45,1
26,0.014,1
27,27.0144097222195,0
28,6.874,1
29,25.2153703703704,0
30,25.718,1
31,22.946,1
32,9.72376157407131,0
33,3.962,1
34,3.444,1
35,2.45,1
36,6.874,1
37,1.414,1
38,11.018,1
39,5.894,1
40,19.8639930555556,0
41,6.88187499999724,0
42,1.96,1
43,1.54,1
44,17.1817013888916,0
45,11.396,1
46,7.182,1
47,2.856,1
48,11.508,1
49,1.974,1
50,16.744,1
51,4.004,1
52,3.038,1
53,27.1546643518491,0
54,1.904,1
55,4.816,1
56,14.896,1
57,0.126,1
58,5.278,1
59,17.332,1
60,7.728,1
61,4.144,1
62,2.52,1
63,27.1764930555556,0
64,12.6,1
65,4.634,1
66,27.1260185185213,0
67,1.848,1
68,1.428,1
69,4.158,1
70,8.20484953703704,0
71,10.136,1
72,19.922,1
73,1.456,1
74,5.166,1
75,1.82,1
76,7.504,1
77,8.498,1
78,3.976,1
79,4.732,1
80,9.786,1
81,0.518,1
82,8.582,1
83,3.64,1
84,4.606,1
85,12.866,1
86,4.676,1
87,2.394,1
88,23.968,1
89,13.6150578703731,0
90,7.084,1
91,3.738,1
92,9.058,1
93,25.452,1
94,17.0948958333361,0
95,24.486,1
96,19.726,1
97,12.334,1
98,27.2018749999972,0
99,2.226,1
100,19.6,1
101,13.734,1
102,2.03,1
103,2.744,1
104,8.666,1
105,4.984,1
106,2.016,1
107,0.854,1
108,6.97355324074074,0
109,1.232,1
110,27.2052777777778,0
111,2.646,1
112,13.2690162037009,0
113,21.098,1
114,0.168,1
115,23.8,1
116,0.504,1
117,1.316,1
118,27.048125,0
119,11.718,1
120,18.018,1
121,9.8,1
122,13.0463888888889,0
123,21.49,1
124,7.644,1
125,6.88187499999724,0
126,5.558,1
127,12.376,1
128,9.702,1
129,19.586,1
130,7.294,1
131,4.186,1
132,1.036,1
133,6.902,1
134,14.462,1
135,5.068,1
136,27.2478125000028,0
137,2.982,1
138,6.496,1
139,1.54,1
140,8.358,1
141,5.642,1
142,0.434,1
143,6.82693287037313,0
144,16.366,1
145,4.95815972222498,0
146,14.728,1
147,12.054,1
148,5.04,1
149,11.676,1
150,6.986,1
151,5.124,1
152,21.364,1
153,1.96,1
154,0.574,1
155,27.2138888888916,0
156,18.844,1
157,8.246,1
158,1.778,1
159,7.392,1
160,18.9,1
161,1.946,1
162,2.17,1
163,0.868,1
164,15.988,1
165,18.228,1
166,1.806,1
167,8.26,1
168,20.93,1
169,0.322,1
170,4.69,1
171,14.994,1
172,27.0653819444472,0
173,21.2578703703676,0
174,7.322,1
175,27.3227546296296,0
176,1.708,1
177,6.552,1
178,1.624,1
179,1.708,1
180,2.52,1
181,5.362,1
182,13.972,1
183,19.6571643518519,0
184,0.112,1
185,8.568,1
186,0.28,1
187,2.1,1
188,20.9403356481454,0
189,23.744,1
190,22.036,1
191,0.014,1
192,20.2140856481481,0
193,8.75,1
194,23.786,1
195,4.69,1
196,2.226,1
197,0.532,1
198,5.67630787037037,0
199,0.952,1
200,10.528,1
